date,platform,content_type,views,likes,comments,shares
2022-01-10,Twitter,Text,9000,320,90,210
2022-01-10,YouTube,Video,38000,1800,300,650
2022-01-10,Reddit,Text,7000,560,180,0
2022-04-12,Twitter,Text,12000,400,120,260
2022-04-12,YouTube,Video,45000,2100,360,780
2022-04-12,Reddit,Text,9500,720,260,0
2022-07-15,Twitter,Text,15000,520,170,350
2022-07-15,YouTube,Video,60000,2800,500,1100
2022-07-15,Reddit,Text,13000,980,360,0
2022-10-18,Twitter,Text,18000,610,220,420
2022-10-18,YouTube,Video,72000,3400,620,1500
2022-10-18,Reddit,Text,16000,1200,450,0
,,,,,,
2023-01-11,Twitter,Text,14000,480,140,320
2023-01-11,YouTube,Video,52000,2400,420,900
2023-01-11,Reddit,Text,11000,850,300,0
2023-04-14,Twitter,Text,17000,600,190,410
2023-04-14,YouTube,Video,68000,3200,580,1400
2023-04-14,Reddit,Text,14500,1120,420,0
2023-07-16,Twitter,Text,21000,720,240,520
2023-07-16,YouTube,Video,82000,4100,740,1800
2023-07-16,Reddit,Text,17500,1380,520,0
2023-10-20,Twitter,Text,24000,820,290,610
2023-10-20,YouTube,Video,91000,4600,820,2100
2023-10-20,Reddit,Text,19500,1580,610,0
,,,,,,
2024-01-12,Twitter,Text,20000,700,230,500
2024-01-12,YouTube,Video,78000,3900,710,1700
2024-01-12,Reddit,Text,16500,1300,500,0
2024-04-15,Twitter,Text,24000,850,300,650
2024-04-15,YouTube,Video,92000,4800,880,2200
2024-04-15,Reddit,Text,20000,1650,650,0
2024-07-18,Twitter,Text,28000,980,360,750
2024-07-18,YouTube,Video,105000,5400,1020,2600
2024-07-18,Reddit,Text,23500,1900,780,0
2024-10-22,Twitter,Text,32000,1150,420,900
2024-10-22,YouTube,Video,120000,6200,1250,3100
2024-10-22,Reddit,Text,27000,2200,920,0